{
  "rc": 0,
  "rt": 4,
  "svr": 177622162,
  "lt": 2,
  "full": 1,
  "dlmkts": "8,10,128",
  "dsc": "0",
  "data": {
    "f43": 969,
    "f44": 1008,
    "f45": 954,
    "f46": 1005,
    "f48": 159888197.0,
    "f57": "603088",
    "f58": "宁波精达",
    "f60": 1013,
    "f116": 4868139390.54,
    "f117": 4242978129.6,
    "f162": 15168,
    "f163": 4053,
    "f167": 458,
    "f168": 374,
    "f170": -434,
    "f173": 0.7,
    "f183": 164371444.48,
    "f184": -11.4016782424,
    "f185": -77.943021080436,
    "f186": 39.2086780182
  }
}