{
  "rc": 0,
  "rt": 4,
  "svr": 177542527,
  "lt": 2,
  "full": 1,
  "dlmkts": "8,10,128",
  "dsc": "0",
  "data": {
    "f43": 4348,
    "f44": 4416,
    "f45": 4301,
    "f46": 4399,
    "f48": 193867028.69,
    "f57": "000423",
    "f58": "东阿阿胶",
    "f60": 4373,
    "f116": 28000112307.519997,
    "f117": 27951130739.64,
    "f162": 1539,
    "f163": 1610,
    "f167": 284,
    "f168": 69,
    "f170": -57,
    "f173": 4.31,
    "f183": 1814224387.34,
    "f184": 5.5198523471,
    "f185": 7.137737330012,
    "f186": 75.5156380391
  }
}