{
  "rc": 0,
  "rt": 4,
  "svr": 177622161,
  "lt": 2,
  "full": 1,
  "dlmkts": "8,10,128",
  "dsc": "0",
  "data": {
    "f43": 2460,
    "f44": 2555,
    "f45": 2445,
    "f46": 2530,
    "f48": 68712138.41,
    "f57": "000526",
    "f58": "学大教育",
    "f60": 2540,
    "f116": 2997783281.4,
    "f117": 2938702691.4,
    "f162": 827,
    "f163": 1537,
    "f167": 288,
    "f168": 231,
    "f170": -315,
    "f173": 9.14,
    "f183": 950601790.07,
    "f184": 10.0637819975,
    "f185": 22.903956210456,
    "f186": 32.4681536479
  }
}