{
  "rc": 0,
  "rt": 4,
  "svr": 177622154,
  "lt": 2,
  "full": 1,
  "dlmkts": "8,10,128",
  "dsc": "0",
  "data": {
    "f43": 1260,
    "f44": 1347,
    "f45": 1260,
    "f46": 1334,
    "f48": 505268808.08,
    "f57": "000682",
    "f58": "东方电子",
    "f60": 1320,
    "f116": 16893160288.199999,
    "f117": 16891550789.4,
    "f162": 1791,
    "f163": 1852,
    "f167": 275,
    "f168": 290,
    "f170": -455,
    "f173": 3.91,
    "f183": 1518934346.19,
    "f184": 8.0511349918,
    "f185": 95.055281106625,
    "f186": 30.449946609
  }
}