{
  "rc": 0,
  "rt": 4,
  "svr": 177542529,
  "lt": 2,
  "full": 1,
  "dlmkts": "8,10,128",
  "dsc": "0",
  "data": {
    "f43": 22088,
    "f44": 22088,
    "f45": 20711,
    "f46": 21029,
    "f48": 4262761795.2,
    "f57": "001389",
    "f58": "广合科技",
    "f60": 20080,
    "f116": 104380105072.31999,
    "f117": 33620695674.719997,
    "f162": 6648,
    "f163": 10276,
    "f167": 1448,
    "f168": 1287,
    "f170": 1000,
    "f173": 9.28,
    "f183": 1913972773.01,
    "f184": 71.3517482485,
    "f185": 63.310832785129,
    "f186": 36.9327698627
  }
}