{
  "rc": 0,
  "rt": 4,
  "svr": 177622161,
  "lt": 2,
  "full": 1,
  "dlmkts": "8,10,128",
  "dsc": "0",
  "data": {
    "f43": 12993,
    "f44": 13390,
    "f45": 12370,
    "f46": 12548,
    "f48": 797936040.91,
    "f57": "001359",
    "f58": "平安电工",
    "f60": 12757,
    "f116": 31333154032.02,
    "f117": 7833442020.3,
    "f162": 14176,
    "f163": 12967,
    "f167": 1572,
    "f168": 1016,
    "f170": 185,
    "f173": 2.71,
    "f183": 312919208.96,
    "f184": 20.6063727346,
    "f185": 5.507602762814,
    "f186": 33.147347344
  }
}