{
  "rc": 0,
  "rt": 4,
  "svr": 177622153,
  "lt": 2,
  "full": 1,
  "dlmkts": "8,10,128",
  "dsc": "0",
  "data": {
    "f43": 1777,
    "f44": 1910,
    "f45": 1772,
    "f46": 1900,
    "f48": 879506691.07,
    "f57": "002130",
    "f58": "沃尔核材",
    "f60": 1916,
    "f116": 24875998422.739998,
    "f117": 20381341553.579998,
    "f162": 2689,
    "f163": 2175,
    "f167": 272,
    "f168": 422,
    "f170": -725,
    "f173": 2.6,
    "f183": 2032119346.79,
    "f184": 15.5199367094,
    "f185": -7.629115711567,
    "f186": 30.4616462639
  }
}