{
  "rc": 0,
  "rt": 4,
  "svr": 177542532,
  "lt": 2,
  "full": 1,
  "dlmkts": "8,10,128",
  "dsc": "0",
  "data": {
    "f43": 6882,
    "f44": 7118,
    "f45": 6767,
    "f46": 6880,
    "f48": 2747620324.11,
    "f57": "002138",
    "f58": "顺络电子",
    "f60": 7119,
    "f116": 55490829122.27999,
    "f117": 52062312588.53999,
    "f162": 7799,
    "f163": 5435,
    "f167": 873,
    "f168": 525,
    "f170": -333,
    "f173": 2.59,
    "f183": 1684822509.72,
    "f184": 15.340722241,
    "f185": -23.705233703006,
    "f186": 32.5338215745
  }
}