{
  "rc": 0,
  "rt": 4,
  "svr": 177622159,
  "lt": 2,
  "full": 1,
  "dlmkts": "8,10,128",
  "dsc": "0",
  "data": {
    "f43": 81337,
    "f44": 82800,
    "f45": 78217,
    "f46": 79500,
    "f48": 10009100572.63,
    "f57": "002371",
    "f58": "北方华创",
    "f60": 79800,
    "f116": 590253824604.0,
    "f117": 589782597067.76,
    "f162": 9027,
    "f163": 10689,
    "f167": 1524,
    "f168": 171,
    "f170": 193,
    "f173": 4.25,
    "f183": 10322863908.82,
    "f184": 25.7960902419,
    "f185": 3.418201634519,
    "f186": 40.7727895045
  }
}