{
  "rc": 0,
  "rt": 4,
  "svr": 177622156,
  "lt": 2,
  "full": 1,
  "dlmkts": "8,10,128",
  "dsc": "0",
  "data": {
    "f43": 14728,
    "f44": 15525,
    "f45": 14326,
    "f46": 15298,
    "f48": 12198870298.05,
    "f57": "002463",
    "f58": "沪电股份",
    "f60": 15499,
    "f116": 283420261729.36,
    "f117": 283191528378.08,
    "f162": 5705,
    "f163": 7415,
    "f167": 1791,
    "f168": 427,
    "f170": -497,
    "f173": 7.81,
    "f183": 6214156406.0,
    "f184": 53.9061409765,
    "f185": 62.903309055073,
    "f186": 35.6324179234
  }
}