{
  "rc": 0,
  "rt": 4,
  "svr": 177622157,
  "lt": 2,
  "full": 1,
  "dlmkts": "8,10,128",
  "dsc": "0",
  "data": {
    "f43": 2394,
    "f44": 2516,
    "f45": 2393,
    "f46": 2500,
    "f48": 88033449.96,
    "f57": "002827",
    "f58": "高争民爆",
    "f60": 2499,
    "f116": 6632481240.0,
    "f117": 6607409476.5,
    "f162": 17509,
    "f163": 3350,
    "f167": 637,
    "f168": 131,
    "f170": -420,
    "f173": 0.88,
    "f183": 304821355.89,
    "f184": 0.2383178656,
    "f185": -46.265504366613,
    "f186": 23.7051386734
  }
}