{
  "rc": 0,
  "rt": 4,
  "svr": 177622157,
  "lt": 2,
  "full": 1,
  "dlmkts": "8,10,128",
  "dsc": "0",
  "data": {
    "f43": 3046,
    "f44": 3117,
    "f45": 2997,
    "f46": 3073,
    "f48": 298050145.79,
    "f57": "002895",
    "f58": "川恒股份",
    "f60": 3096,
    "f116": 18455908426.18,
    "f117": 18262557484.18,
    "f162": 2446,
    "f163": 1464,
    "f167": 263,
    "f168": 163,
    "f170": -161,
    "f173": 2.41,
    "f183": 1823654019.15,
    "f184": 22.1378432219,
    "f185": -6.624721530444,
    "f186": 25.0657270266
  }
}