{
  "rc": 0,
  "rt": 4,
  "svr": 177622160,
  "lt": 2,
  "full": 1,
  "dlmkts": "8,10,128",
  "dsc": "0",
  "data": {
    "f43": 8144,
    "f44": 8588,
    "f45": 8036,
    "f46": 8447,
    "f48": 854843163.02,
    "f57": "002947",
    "f58": "恒铭达",
    "f60": 8480,
    "f116": 20865688323.84,
    "f117": 16149857237.119999,
    "f162": 3446,
    "f163": 3923,
    "f167": 671,
    "f168": 523,
    "f170": -396,
    "f173": 4.77,
    "f183": 713919396.07,
    "f184": 10.039463069,
    "f185": 39.906929422468,
    "f186": 34.7468027869
  }
}