{
  "rc": 0,
  "rt": 4,
  "svr": 177542532,
  "lt": 2,
  "full": 1,
  "dlmkts": "8,10,128",
  "dsc": "0",
  "data": {
    "f43": 1381,
    "f44": 1423,
    "f45": 1348,
    "f46": 1375,
    "f48": 80708148.0,
    "f57": "003006",
    "f58": "百亚股份",
    "f60": 1379,
    "f116": 5933435979.900001,
    "f117": 5918592646.650001,
    "f162": 1032,
    "f163": 2853,
    "f167": 423,
    "f168": 136,
    "f170": 15,
    "f173": 9.56,
    "f183": 1055274086.0,
    "f184": 6.0111734161,
    "f185": 10.026380993912,
    "f186": 58.515217818
  }
}