{
  "rc": 0,
  "rt": 4,
  "svr": 177622154,
  "lt": 2,
  "full": 1,
  "dlmkts": "8,10,128",
  "dsc": "0",
  "data": {
    "f43": 4867,
    "f44": 5073,
    "f45": 4862,
    "f46": 5046,
    "f48": 3706726925.0,
    "f57": "600276",
    "f58": "恒瑞医药",
    "f60": 5004,
    "f116": 323032517867.58,
    "f117": 310466040675.58,
    "f162": 3539,
    "f163": 4189,
    "f167": 518,
    "f168": 118,
    "f170": -274,
    "f173": 4.15,
    "f183": 8140565320.77,
    "f184": 12.9753629793,
    "f185": 21.782316948345,
    "f186": 86.5986071559
  }
}