{
  "rc": 0,
  "rt": 4,
  "svr": 177622161,
  "lt": 2,
  "full": 1,
  "dlmkts": "8,10,128",
  "dsc": "0",
  "data": {
    "f43": 1937,
    "f44": 1948,
    "f45": 1903,
    "f46": 1933,
    "f48": 123777786.0,
    "f57": "600285",
    "f58": "羚锐制药",
    "f60": 1937,
    "f116": 10985026963.82,
    "f117": 10972920713.82,
    "f162": 1115,
    "f163": 1446,
    "f167": 363,
    "f168": 114,
    "f170": 0,
    "f173": 6.99,
    "f183": 1126074496.05,
    "f184": 10.3177095071,
    "f185": 13.613327867138,
    "f186": 78.1877902651
  }
}