{
  "rc": 0,
  "rt": 4,
  "svr": 177542535,
  "lt": 2,
  "full": 1,
  "dlmkts": "8,10,128",
  "dsc": "0",
  "data": {
    "f43": 3289,
    "f44": 3480,
    "f45": 3289,
    "f46": 3480,
    "f48": 574764459.0,
    "f57": "600885",
    "f58": "宏发股份",
    "f60": 3505,
    "f116": 50900376954.57,
    "f117": 50900376954.57,
    "f162": 2628,
    "f163": 2896,
    "f167": 405,
    "f168": 111,
    "f170": -616,
    "f173": 3.77,
    "f183": 5107689410.12,
    "f184": 28.2438209328,
    "f185": 17.802472375098,
    "f186": 32.0864305465
  }
}