{
  "rc": 0,
  "rt": 4,
  "svr": 177542528,
  "lt": 2,
  "full": 1,
  "dlmkts": "8,10,128",
  "dsc": "0",
  "data": {
    "f43": 10810,
    "f44": 11388,
    "f45": 10792,
    "f46": 11100,
    "f48": 1539208610.0,
    "f57": "600809",
    "f58": "山西汾酒",
    "f60": 11012,
    "f116": 131878132398.2,
    "f117": 131878132398.2,
    "f162": 613,
    "f163": 1077,
    "f167": 293,
    "f168": 114,
    "f170": -183,
    "f173": 12.57,
    "f183": 14923228703.48,
    "f184": -9.6801497592,
    "f185": -19.029852534585,
    "f186": 75.0468361157
  }
}