{
  "rc": 0,
  "rt": 4,
  "svr": 177622159,
  "lt": 2,
  "full": 1,
  "dlmkts": "8,10,128",
  "dsc": "0",
  "data": {
    "f43": 6516,
    "f44": 7050,
    "f45": 6455,
    "f46": 7001,
    "f48": 2804742123.0,
    "f57": "601126",
    "f58": "四方股份",
    "f60": 7172,
    "f116": 54285154380.0,
    "f117": 53762564664.0,
    "f162": 5014,
    "f163": 6549,
    "f167": 1188,
    "f168": 517,
    "f170": -915,
    "f173": 5.38,
    "f183": 2158066014.06,
    "f184": 18.0520403825,
    "f185": 12.07907470487,
    "f186": 31.4514906902
  }
}