{
  "rc": 0,
  "rt": 4,
  "svr": 177622155,
  "lt": 2,
  "full": 1,
  "dlmkts": "8,10,128",
  "dsc": "0",
  "data": {
    "f43": 6233,
    "f44": 6400,
    "f45": 6100,
    "f46": 6279,
    "f48": 215257463.0,
    "f57": "603040",
    "f58": "新坐标",
    "f60": 6342,
    "f116": 12301291229.76,
    "f117": 12236964301.22,
    "f162": 4650,
    "f163": 4610,
    "f167": 846,
    "f168": 176,
    "f170": -172,
    "f173": 4.33,
    "f183": 200750271.09,
    "f184": 12.1568650206,
    "f185": -1.029067815208,
    "f186": 52.6809521929
  }
}