{
  "rc": 0,
  "rt": 4,
  "svr": 177622156,
  "lt": 2,
  "full": 1,
  "dlmkts": "8,10,128",
  "dsc": "0",
  "data": {
    "f43": 1134,
    "f44": 1177,
    "f45": 1125,
    "f46": 1175,
    "f48": 34191801.0,
    "f57": "603170",
    "f58": "宝立食品",
    "f60": 1175,
    "f116": 4536113400.0,
    "f117": 4536113400.0,
    "f162": 1729,
    "f163": 1727,
    "f167": 318,
    "f168": 75,
    "f170": -349,
    "f173": 4.33,
    "f183": 775960710.27,
    "f184": 16.0029481103,
    "f185": 12.576978168387,
    "f186": 33.4900729947
  }
}