{
  "rc": 0,
  "rt": 4,
  "svr": 177542529,
  "lt": 2,
  "full": 1,
  "dlmkts": "8,10,128",
  "dsc": "0",
  "data": {
    "f43": 6442,
    "f44": 6668,
    "f45": 6412,
    "f46": 6590,
    "f48": 850335656.0,
    "f57": "603119",
    "f58": "浙江荣泰",
    "f60": 6671,
    "f116": 30461639138.56,
    "f117": 17073780234.42,
    "f162": 10608,
    "f163": 10942,
    "f167": 1504,
    "f168": 495,
    "f170": -343,
    "f173": 3.46,
    "f183": 376118986.97,
    "f184": 41.261522191,
    "f185": 20.62541008122,
    "f186": 35.978133428
  }
}