{
  "rc": 0,
  "rt": 4,
  "svr": 177542533,
  "lt": 2,
  "full": 1,
  "dlmkts": "8,10,128",
  "dsc": "0",
  "data": {
    "f43": 4349,
    "f44": 4539,
    "f45": 4335,
    "f46": 4385,
    "f48": 255619447.0,
    "f57": "603338",
    "f58": "XD浙江鼎",
    "f60": 4359,
    "f116": 22021069257.710003,
    "f117": 22021069257.710003,
    "f162": 1216,
    "f163": 1159,
    "f167": 196,
    "f168": 114,
    "f170": -23,
    "f173": 3.9,
    "f183": 2457378084.73,
    "f184": 29.4772129696,
    "f185": 5.661576505119,
    "f186": 33.8098598341
  }
}