{
  "rc": 0,
  "rt": 4,
  "svr": 177622154,
  "lt": 2,
  "full": 1,
  "dlmkts": "8,10,128",
  "dsc": "0",
  "data": {
    "f43": 9649,
    "f44": 10045,
    "f45": 9636,
    "f46": 9930,
    "f48": 1529327434.0,
    "f57": "605117",
    "f58": "德业股份",
    "f60": 9932,
    "f116": 122841677207.23999,
    "f117": 122841677207.23999,
    "f162": 2585,
    "f163": 3874,
    "f167": 1234,
    "f168": 122,
    "f170": -285,
    "f173": 10.87,
    "f183": 4459437239.86,
    "f184": 73.7675519223,
    "f185": 68.365789089582,
    "f186": 41.4467670557
  }
}