{
  "rc": 0,
  "rt": 4,
  "svr": 177542527,
  "lt": 2,
  "full": 1,
  "dlmkts": "8,10,128",
  "dsc": "0",
  "data": {
    "f43": 4484,
    "f44": 4591,
    "f45": 4452,
    "f46": 4558,
    "f48": 95394079.4,
    "f57": "002847",
    "f58": "盐津铺子",
    "f60": 4553,
    "f116": 12115204764.76,
    "f117": 10933730088.08,
    "f162": 1313,
    "f163": 1619,
    "f167": 638,
    "f168": 87,
    "f170": -152,
    "f173": 10.97,
    "f183": 1582645031.47,
    "f184": 2.9384521083,
    "f185": 29.483191346664,
    "f186": 31.8188521435
  }
}