{
  "rc": 0,
  "rt": 4,
  "svr": 177542528,
  "lt": 2,
  "full": 1,
  "dlmkts": "8,10,128",
  "dsc": "0",
  "data": {
    "f43": 2216,
    "f44": 2281,
    "f45": 2208,
    "f46": 2275,
    "f48": 298907384.29,
    "f57": "000999",
    "f58": "华润三九",
    "f60": 2277,
    "f116": 36879067733.28,
    "f117": 36845299106.48,
    "f162": 857,
    "f163": 1078,
    "f167": 166,
    "f168": 81,
    "f170": -268,
    "f173": 4.74,
    "f183": 8129836961.67,
    "f184": 18.6204342101,
    "f185": -15.291685979756,
    "f186": 57.679586218
  }
}