{
  "rc": 0,
  "rt": 4,
  "svr": 177622153,
  "lt": 2,
  "full": 1,
  "dlmkts": "8,10,128",
  "dsc": "0",
  "data": {
    "f43": 5043,
    "f44": 5066,
    "f45": 4780,
    "f46": 4807,
    "f48": 1507685115.0,
    "f57": "600660",
    "f58": "福耀玻璃",
    "f60": 4801,
    "f116": 131609366318.76,
    "f117": 101010600722.76,
    "f162": 1922,
    "f163": 1413,
    "f167": 365,
    "f168": 151,
    "f170": 504,
    "f173": 4.46,
    "f183": 10413026492.0,
    "f184": 5.0758134692,
    "f185": -15.676921122115,
    "f186": 37.3790704844
  }
}