{
  "rc": 0,
  "rt": 4,
  "svr": 177542528,
  "lt": 2,
  "full": 1,
  "dlmkts": "8,10,128",
  "dsc": "0",
  "data": {
    "f43": 2002,
    "f44": 2060,
    "f45": 1991,
    "f46": 2058,
    "f48": 24785656.1,
    "f57": "002880",
    "f58": "卫光生物",
    "f60": 2062,
    "f116": 4540536000.0,
    "f117": 4540536000.0,
    "f162": 3664,
    "f163": 1843,
    "f167": 189,
    "f168": 54,
    "f170": -291,
    "f173": 1.28,
    "f183": 221871720.94,
    "f184": -1.3912319616,
    "f185": -29.211172991278,
    "f186": 37.7383000255
  }
}