{
  "rc": 0,
  "rt": 4,
  "svr": 177542536,
  "lt": 2,
  "full": 1,
  "dlmkts": "8,10,128",
  "dsc": "0",
  "data": {
    "f43": 5992,
    "f44": 6355,
    "f45": 5960,
    "f46": 6330,
    "f48": 753210423.0,
    "f57": "603979",
    "f58": "金诚信",
    "f60": 6326,
    "f116": 37377431367.36,
    "f117": 37377431367.36,
    "f162": 1554,
    "f163": 1598,
    "f167": 326,
    "f168": 199,
    "f170": -528,
    "f173": 5.28,
    "f183": 3413771953.49,
    "f184": 21.4473092393,
    "f185": 42.554628330045,
    "f186": 36.0703410282
  }
}