{
  "rc": 0,
  "rt": 4,
  "svr": 177622159,
  "lt": 2,
  "full": 1,
  "dlmkts": "8,10,128",
  "dsc": "0",
  "data": {
    "f43": 1834,
    "f44": 1882,
    "f45": 1829,
    "f46": 1880,
    "f48": 38830144.0,
    "f57": "603193",
    "f58": "润本股份",
    "f60": 1877,
    "f116": 7420241378.76,
    "f117": 1895187998.76,
    "f162": 3524,
    "f163": 2359,
    "f167": 342,
    "f168": 204,
    "f170": -229,
    "f173": 2.34,
    "f183": 267092271.24,
    "f184": 11.2737843644,
    "f185": 19.091771173816,
    "f186": 59.0965219724
  }
}