{
  "rc": 0,
  "rt": 4,
  "svr": 177622160,
  "lt": 2,
  "full": 1,
  "dlmkts": "8,10,128",
  "dsc": "0",
  "data": {
    "f43": 2593,
    "f44": 2690,
    "f45": 2500,
    "f46": 2680,
    "f48": 1549096270.0,
    "f57": "600988",
    "f58": "赤峰黄金",
    "f60": 2662,
    "f116": 49277661845.54,
    "f117": 43145222031.54,
    "f162": 1247,
    "f163": 1599,
    "f167": 360,
    "f168": 361,
    "f170": -259,
    "f173": 7.13,
    "f183": 3554318743.96,
    "f184": 47.6534321956,
    "f185": 104.428931609505,
    "f186": 59.2700694497
  }
}