{
  "rc": 0,
  "rt": 4,
  "svr": 177622154,
  "lt": 2,
  "full": 1,
  "dlmkts": "8,10,128",
  "dsc": "0",
  "data": {
    "f43": 3937,
    "f44": 4103,
    "f45": 3927,
    "f46": 4072,
    "f48": 72646386.67,
    "f57": "001221",
    "f58": "悍高集团",
    "f60": 4103,
    "f116": 15748393699.999998,
    "f117": 1417674330.0,
    "f162": 3063,
    "f163": 2239,
    "f167": 547,
    "f168": 507,
    "f170": -405,
    "f173": 4.46,
    "f183": 704628836.73,
    "f184": 12.538318645,
    "f185": 11.190945122548,
    "f186": 36.2272195337
  }
}