{
  "rc": 0,
  "rt": 4,
  "svr": 177542529,
  "lt": 2,
  "full": 1,
  "dlmkts": "8,10,128",
  "dsc": "0",
  "data": {
    "f43": 2000,
    "f44": 2083,
    "f45": 1995,
    "f46": 2075,
    "f48": 233663139.0,
    "f57": "002832",
    "f58": "比音勒芬",
    "f60": 2105,
    "f116": 11414141680.0,
    "f117": 7788365680.0,
    "f162": 739,
    "f163": 2073,
    "f167": 214,
    "f168": 297,
    "f170": -499,
    "f173": 6.96,
    "f183": 1522211912.19,
    "f184": 18.3619454824,
    "f185": 16.538229003114,
    "f186": 75.2716540453
  }
}