{
  "rc": 0,
  "rt": 4,
  "svr": 177542536,
  "lt": 2,
  "full": 1,
  "dlmkts": "8,10,128",
  "dsc": "0",
  "data": {
    "f43": 2477,
    "f44": 2528,
    "f45": 2449,
    "f46": 2483,
    "f48": 69982759.0,
    "f57": "605016",
    "f58": "百龙创园",
    "f60": 2516,
    "f116": 10403705166.4,
    "f117": 10403705166.4,
    "f162": 2157,
    "f163": 2823,
    "f167": 517,
    "f168": 67,
    "f170": -155,
    "f173": 5.79,
    "f183": 392610242.01,
    "f184": 25.3153943,
    "f185": 48.104107990413,
    "f186": 45.1081131056
  }
}