{
  "rc": 0,
  "rt": 4,
  "svr": 177622153,
  "lt": 2,
  "full": 1,
  "dlmkts": "8,10,128",
  "dsc": "0",
  "data": {
    "f43": 3511,
    "f44": 3588,
    "f45": 3500,
    "f46": 3557,
    "f48": 150470136.0,
    "f57": "603099",
    "f58": "长白山",
    "f60": 3570,
    "f116": 9562414244.6,
    "f117": 9562414244.6,
    "f162": 29527,
    "f163": 7393,
    "f167": 635,
    "f168": 156,
    "f170": -165,
    "f173": 0.54,
    "f183": 156361569.29,
    "f184": 21.3732074297,
    "f185": 84.232324828763,
    "f186": 23.7396783868
  }
}