{
  "rc": 0,
  "rt": 4,
  "svr": 177622156,
  "lt": 2,
  "full": 1,
  "dlmkts": "8,10,128",
  "dsc": "0",
  "data": {
    "f43": 4674,
    "f44": 4788,
    "f45": 4655,
    "f46": 4770,
    "f48": 313833290.27,
    "f57": "002595",
    "f58": "豪迈科技",
    "f60": 4764,
    "f116": 54218400000.0,
    "f117": 53843480698.8,
    "f162": 2630,
    "f163": 2265,
    "f167": 462,
    "f168": 58,
    "f170": -189,
    "f173": 4.2,
    "f183": 2667648656.65,
    "f184": 17.0703427985,
    "f185": -0.834256522516,
    "f186": 34.0528157734
  }
}