{
  "rc": 0,
  "rt": 4,
  "svr": 177622156,
  "lt": 2,
  "full": 1,
  "dlmkts": "8,10,128",
  "dsc": "0",
  "data": {
    "f43": 3301,
    "f44": 3552,
    "f45": 3270,
    "f46": 3543,
    "f48": 2661553546.33,
    "f57": "000426",
    "f58": "兴业银锡",
    "f60": 3528,
    "f116": 58613735744.39,
    "f117": 58599532366.64,
    "f162": 1095,
    "f163": 3439,
    "f167": 541,
    "f168": 446,
    "f170": -643,
    "f173": 13.17,
    "f183": 2129869142.28,
    "f184": 85.321322385,
    "f185": 257.324560661487,
    "f186": 69.0663333474
  }
}