{
  "rc": 0,
  "rt": 4,
  "svr": 177622162,
  "lt": 2,
  "full": 1,
  "dlmkts": "8,10,128",
  "dsc": "0",
  "data": {
    "f43": 2740,
    "f44": 2880,
    "f45": 2737,
    "f46": 2866,
    "f48": 415093581.59,
    "f57": "000534",
    "f58": "万泽股份",
    "f60": 2886,
    "f116": 13961629338.4,
    "f117": 13725031023.4,
    "f162": 4506,
    "f163": 7086,
    "f167": 813,
    "f168": 297,
    "f170": -506,
    "f173": 4.7,
    "f183": 359781074.05,
    "f184": 7.3857916449,
    "f185": 6.575090230814,
    "f186": 71.1061565774
  }
}