{
  "rc": 0,
  "rt": 4,
  "svr": 177622158,
  "lt": 2,
  "full": 1,
  "dlmkts": "8,10,128",
  "dsc": "0",
  "data": {
    "f43": 1885,
    "f44": 1908,
    "f45": 1838,
    "f46": 1900,
    "f48": 51846994.0,
    "f57": "605116",
    "f58": "奥锐特",
    "f60": 1901,
    "f116": 7656553960.900001,
    "f117": 7656553960.900001,
    "f162": 2994,
    "f163": 1704,
    "f167": 299,
    "f168": 68,
    "f170": -84,
    "f173": 2.38,
    "f183": 389262537.93,
    "f184": -3.1673836938,
    "f185": -46.467781767057,
    "f186": 53.3890611219
  }
}