{
  "rc": 0,
  "rt": 4,
  "svr": 177622153,
  "lt": 2,
  "full": 1,
  "dlmkts": "8,10,128",
  "dsc": "0",
  "data": {
    "f43": 4955,
    "f44": 5055,
    "f45": 4933,
    "f46": 5055,
    "f48": 194769483.0,
    "f57": "603699",
    "f58": "纽威股份",
    "f60": 5031,
    "f116": 38415267645.45,
    "f117": 37565972172.4,
    "f162": 2782,
    "f163": 2400,
    "f167": 914,
    "f168": 52,
    "f170": -151,
    "f173": 7.27,
    "f183": 1813061001.57,
    "f184": 16.5283120327,
    "f185": 31.402092192361,
    "f186": 39.1646320276
  }
}