{
  "rc": 0,
  "rt": 4,
  "svr": 177622155,
  "lt": 2,
  "full": 1,
  "dlmkts": "8,10,128",
  "dsc": "0",
  "data": {
    "f43": 5165,
    "f44": 5426,
    "f45": 5080,
    "f46": 5190,
    "f48": 676047270.5,
    "f57": "002979",
    "f58": "雷赛智能",
    "f60": 5233,
    "f116": 16321232189.15,
    "f117": 11504689327.35,
    "f162": 5658,
    "f163": 7242,
    "f167": 862,
    "f168": 576,
    "f170": -130,
    "f173": 3.96,
    "f183": 525392709.49,
    "f184": 34.5483250016,
    "f185": 29.202775769303,
    "f186": 38.944248206
  }
}