{
  "rc": 0,
  "rt": 4,
  "svr": 177622162,
  "lt": 2,
  "full": 1,
  "dlmkts": "8,10,128",
  "dsc": "0",
  "data": {
    "f43": 3101,
    "f44": 3147,
    "f45": 3051,
    "f46": 3108,
    "f48": 34019717.0,
    "f57": "603199",
    "f58": "九华旅游",
    "f60": 3110,
    "f116": 3432186800.0,
    "f117": 3432186800.0,
    "f162": 1234,
    "f163": 1613,
    "f167": 210,
    "f168": 99,
    "f170": -29,
    "f173": 4.12,
    "f183": 234988042.09,
    "f184": 0.1669465705,
    "f185": 1.308414255759,
    "f186": 54.6533569358
  }
}