{
  "rc": 0,
  "rt": 4,
  "svr": 177542533,
  "lt": 2,
  "full": 1,
  "dlmkts": "8,10,128",
  "dsc": "0",
  "data": {
    "f43": 1339,
    "f44": 1399,
    "f45": 1335,
    "f46": 1393,
    "f48": 124209197.0,
    "f57": "603025",
    "f58": "大豪科技",
    "f60": 1399,
    "f116": 14952007410.470001,
    "f117": 14851850210.470001,
    "f162": 1571,
    "f163": 2106,
    "f167": 607,
    "f168": 82,
    "f170": -429,
    "f173": 8.37,
    "f183": 838153113.68,
    "f184": 15.582997897,
    "f185": 41.315165266919,
    "f186": 47.5991540684
  }
}