{
  "rc": 0,
  "rt": 4,
  "svr": 177542531,
  "lt": 2,
  "full": 1,
  "dlmkts": "8,10,128",
  "dsc": "0",
  "data": {
    "f43": 11090,
    "f44": 11346,
    "f45": 11030,
    "f46": 11218,
    "f48": 675977156.0,
    "f57": "605499",
    "f58": "东鹏饮料",
    "f60": 11273,
    "f116": 81422703479.0,
    "f117": 74970274210.0,
    "f162": 1619,
    "f163": 1844,
    "f167": 427,
    "f168": 89,
    "f170": -162,
    "f173": 8.42,
    "f183": 5888248861.37,
    "f184": 21.4554820991,
    "f185": 28.307196151083,
    "f186": 46.889690821
  }
}